fecha_sintomas,sexo,total,total_prom_mov7,total_acumulado
2020-02-19,HOMBRE,1,1,1
2020-02-22,HOMBRE,2,1,3
2020-02-23,HOMBRE,1,1,4
2020-02-25,MUJER,1,1,1
2020-02-26,HOMBRE,1,1,5
2020-02-27,MUJER,2,1,3
2020-02-28,HOMBRE,2,1,7
2020-02-28,MUJER,1,1,4
2020-02-29,HOMBRE,3,1,10
2020-02-29,MUJER,2,1,6
2020-03-01,HOMBRE,3,1,13
2020-03-01,MUJER,8,2,14
2020-03-02,HOMBRE,7,2,20
2020-03-02,MUJER,12,4,26
2020-03-03,HOMBRE,9,3,29
2020-03-03,MUJER,10,5,36
2020-03-04,HOMBRE,8,4,37
2020-03-04,MUJER,7,6,43
2020-03-05,HOMBRE,8,5,45
2020-03-05,MUJER,4,6,47
2020-03-06,HOMBRE,11,7,56
2020-03-06,MUJER,5,6,52
2020-03-07,HOMBRE,13,8,69
2020-03-07,MUJER,8,7,60
2020-03-08,HOMBRE,15,10,84
2020-03-08,MUJER,14,8,74
2020-03-09,HOMBRE,38,14,122
2020-03-09,MUJER,31,11,105
2020-03-10,HOMBRE,30,17,152
2020-03-10,MUJER,30,14,135
2020-03-11,HOMBRE,40,22,192
2020-03-11,MUJER,24,16,159
2020-03-12,HOMBRE,51,28,243
2020-03-12,MUJER,43,22,202
2020-03-13,HOMBRE,65,36,308
2020-03-13,MUJER,47,28,249
2020-03-14,HOMBRE,69,44,377
2020-03-14,MUJER,37,32,286
2020-03-15,HOMBRE,69,51,446
2020-03-15,MUJER,50,37,336
2020-03-16,HOMBRE,85,58,531
2020-03-16,MUJER,62,41,398
2020-03-17,HOMBRE,83,66,614
2020-03-17,MUJER,65,46,463
2020-03-18,HOMBRE,71,70,685
2020-03-18,MUJER,83,55,546
2020-03-19,HOMBRE,82,74,767
2020-03-19,MUJER,56,57,602
2020-03-20,HOMBRE,132,84,899
2020-03-20,MUJER,95,64,697
2020-03-21,HOMBRE,94,88,993
2020-03-21,MUJER,64,67,761
2020-03-22,HOMBRE,104,93,1097
2020-03-22,MUJER,76,71,837
2020-03-23,HOMBRE,140,100,1237
2020-03-23,MUJER,123,80,960
2020-03-24,HOMBRE,125,106,1362
2020-03-24,MUJER,84,83,1044
2020-03-25,HOMBRE,136,116,1498
2020-03-25,MUJER,115,87,1159
2020-03-26,HOMBRE,164,127,1662
2020-03-26,MUJER,134,98,1293
2020-03-27,HOMBRE,193,136,1855
2020-03-27,MUJER,128,103,1421
2020-03-28,HOMBRE,163,146,2018
2020-03-28,MUJER,148,115,1569
2020-03-29,HOMBRE,165,155,2183
2020-03-29,MUJER,138,124,1707
2020-03-30,HOMBRE,240,169,2423
2020-03-30,MUJER,187,133,1894
2020-03-31,HOMBRE,191,178,2614
2020-03-31,MUJER,147,142,2041
2020-04-01,HOMBRE,313,204,2927
2020-04-01,MUJER,230,158,2271
2020-04-02,HOMBRE,284,221,3211
2020-04-02,MUJER,200,168,2471
2020-04-03,HOMBRE,267,231,3478
2020-04-03,MUJER,232,183,2703
2020-04-04,HOMBRE,290,250,3768
2020-04-04,MUJER,203,191,2906
2020-04-05,HOMBRE,278,266,4046
2020-04-05,MUJER,211,201,3117
2020-04-06,HOMBRE,385,286,4431
2020-04-06,MUJER,272,213,3389
2020-04-07,HOMBRE,347,309,4778
2020-04-07,MUJER,220,224,3609
2020-04-08,HOMBRE,421,324,5199
2020-04-08,MUJER,289,232,3898
2020-04-09,HOMBRE,415,343,5614
2020-04-09,MUJER,290,245,4188
2020-04-10,HOMBRE,628,394,6242
2020-04-10,MUJER,449,276,4637
2020-04-11,HOMBRE,478,421,6720
2020-04-11,MUJER,330,294,4967
2020-04-12,HOMBRE,515,455,7235
2020-04-12,MUJER,357,315,5324
2020-04-13,HOMBRE,599,486,7834
2020-04-13,MUJER,473,344,5797
2020-04-14,HOMBRE,611,523,8445
2020-04-14,MUJER,409,371,6206
2020-04-15,HOMBRE,728,567,9173
2020-04-15,MUJER,463,395,6669
2020-04-16,HOMBRE,706,609,9879
2020-04-16,MUJER,459,420,7128
2020-04-17,HOMBRE,812,635,10691
2020-04-17,MUJER,530,431,7658
2020-04-18,HOMBRE,841,687,11532
2020-04-18,MUJER,569,465,8227
2020-04-19,HOMBRE,743,720,12275
2020-04-19,MUJER,516,488,8743
2020-04-20,HOMBRE,1270,815,13545
2020-04-20,MUJER,809,536,9552
2020-04-21,HOMBRE,801,843,14346
2020-04-21,MUJER,571,559,10123
2020-04-22,HOMBRE,842,859,15188
2020-04-22,MUJER,594,578,10717
2020-04-23,HOMBRE,846,879,16034
2020-04-23,MUJER,627,602,11344
2020-04-24,HOMBRE,1042,912,17076
2020-04-24,MUJER,709,627,12053
2020-04-25,HOMBRE,1131,953,18207
2020-04-25,MUJER,686,644,12739
2020-04-26,HOMBRE,939,981,19146
2020-04-26,MUJER,685,668,13424
2020-04-27,HOMBRE,1194,970,20340
2020-04-27,MUJER,791,666,14215
2020-04-28,HOMBRE,1019,1001,21359
2020-04-28,MUJER,723,687,14938
2020-04-29,HOMBRE,935,1015,22294
2020-04-29,MUJER,635,693,15573
2020-04-30,HOMBRE,1285,1077,23579
2020-04-30,MUJER,860,727,16433
2020-05-01,HOMBRE,1791,1184,25370
2020-05-01,MUJER,1206,798,17639
2020-05-02,HOMBRE,1182,1192,26552
2020-05-02,MUJER,920,831,18559
2020-05-03,HOMBRE,1118,1217,27670
2020-05-03,MUJER,874,858,19433
2020-05-04,HOMBRE,1448,1254,29118
2020-05-04,MUJER,1069,898,20502
2020-05-05,HOMBRE,1464,1317,30582
2020-05-05,MUJER,1094,951,21596
2020-05-06,HOMBRE,1249,1362,31831
2020-05-06,MUJER,1036,1008,22632
2020-05-07,HOMBRE,1395,1378,33226
2020-05-07,MUJER,1112,1044,23744
2020-05-08,HOMBRE,1675,1361,34901
2020-05-08,MUJER,1240,1049,24984
2020-05-09,HOMBRE,1441,1398,36342
2020-05-09,MUJER,1157,1083,26141
2020-05-10,HOMBRE,1963,1519,38305
2020-05-10,MUJER,1547,1179,27688
2020-05-11,HOMBRE,1749,1562,40054
2020-05-11,MUJER,1469,1236,29157
2020-05-12,HOMBRE,1623,1585,41677
2020-05-12,MUJER,1299,1265,30456
2020-05-13,HOMBRE,1625,1638,43302
2020-05-13,MUJER,1215,1291,31671
2020-05-14,HOMBRE,1614,1670,44916
2020-05-14,MUJER,1265,1313,32936
2020-05-15,HOMBRE,2320,1762,47236
2020-05-15,MUJER,1910,1408,34846
2020-05-16,HOMBRE,1804,1814,49040
2020-05-16,MUJER,1338,1434,36184
2020-05-17,HOMBRE,1739,1782,50779
2020-05-17,MUJER,1321,1402,37505
2020-05-18,HOMBRE,2467,1884,53246
2020-05-18,MUJER,1945,1470,39450
2020-05-19,HOMBRE,1856,1917,55102
2020-05-19,MUJER,1562,1508,41012
2020-05-20,HOMBRE,2610,2058,57712
2020-05-20,MUJER,2088,1632,43100
2020-05-21,HOMBRE,1760,2079,59472
2020-05-21,MUJER,1456,1660,44556
2020-05-22,HOMBRE,2239,2067,61711
2020-05-22,MUJER,1788,1642,46344
2020-05-23,HOMBRE,2049,2102,63760
2020-05-23,MUJER,1659,1688,48003
2020-05-24,HOMBRE,1913,2127,65673
2020-05-24,MUJER,1570,1724,49573
2020-05-25,HOMBRE,2842,2181,68515
2020-05-25,MUJER,2403,1789,51976
2020-05-26,HOMBRE,2143,2222,70658
2020-05-26,MUJER,1705,1809,53681
2020-05-27,HOMBRE,1995,2134,72653
2020-05-27,MUJER,1687,1752,55368
2020-05-28,HOMBRE,2337,2216,74990
2020-05-28,MUJER,1858,1810,57226
2020-05-29,HOMBRE,2255,2219,77245
2020-05-29,MUJER,1961,1834,59187
2020-05-30,HOMBRE,2164,2235,79409
2020-05-30,MUJER,1902,1869,61089
2020-05-31,HOMBRE,2068,2257,81477
2020-05-31,MUJER,1710,1889,62799
2020-06-01,HOMBRE,3686,2378,85163
2020-06-01,MUJER,3224,2006,66023
2020-06-02,HOMBRE,2399,2414,87562
2020-06-02,MUJER,1939,2040,67962
2020-06-03,HOMBRE,2269,2454,89831
2020-06-03,MUJER,2019,2087,69981
2020-06-04,HOMBRE,2367,2458,92198
2020-06-04,MUJER,2041,2113,72022
2020-06-05,HOMBRE,2865,2545,95063
2020-06-05,MUJER,2606,2205,74628
2020-06-06,HOMBRE,2658,2616,97721
2020-06-06,MUJER,2438,2282,77066
2020-06-07,HOMBRE,2301,2649,100022
2020-06-07,MUJER,2014,2325,79080
2020-06-08,HOMBRE,3172,2575,103194
2020-06-08,MUJER,2621,2239,81701
2020-06-09,HOMBRE,2561,2599,105755
2020-06-09,MUJER,2132,2267,83833
2020-06-10,HOMBRE,3409,2761,109164
2020-06-10,MUJER,2923,2396,86756
2020-06-11,HOMBRE,2423,2769,111587
2020-06-11,MUJER,2173,2415,88929
2020-06-12,HOMBRE,2891,2773,114478
2020-06-12,MUJER,2502,2400,91431
2020-06-13,HOMBRE,2495,2750,116973
2020-06-13,MUJER,2269,2376,93700
2020-06-14,HOMBRE,2421,2767,119394
2020-06-14,MUJER,2219,2405,95919
2020-06-15,HOMBRE,3845,2863,123239
2020-06-15,MUJER,3296,2502,99215
2020-06-16,HOMBRE,2821,2900,126060
2020-06-16,MUJER,2553,2562,101768
2020-06-17,HOMBRE,2423,2759,128483
2020-06-17,MUJER,2204,2459,103972
2020-06-18,HOMBRE,2938,2833,131421
2020-06-18,MUJER,2713,2536,106685
2020-06-19,HOMBRE,3047,2855,134468
2020-06-19,MUJER,2696,2564,109381
2020-06-20,HOMBRE,3985,3068,138453
2020-06-20,MUJER,3538,2745,112919
2020-06-21,HOMBRE,2566,3089,141019
2020-06-21,MUJER,2202,2743,115121
2020-06-22,HOMBRE,3213,2999,144232
2020-06-22,MUJER,2882,2684,118003
2020-06-23,HOMBRE,2801,2996,147033
2020-06-23,MUJER,2465,2671,120468
2020-06-24,HOMBRE,2717,3038,149750
2020-06-24,MUJER,2507,2714,122975
2020-06-25,HOMBRE,3233,3080,152983
2020-06-25,MUJER,3027,2759,126002
2020-06-26,HOMBRE,3543,3151,156526
2020-06-26,MUJER,3247,2838,129249
2020-06-27,HOMBRE,2754,2975,159280
2020-06-27,MUJER,2545,2696,131794
2020-06-28,HOMBRE,3352,3087,162632
2020-06-28,MUJER,3011,2812,134805
2020-06-29,HOMBRE,3413,3116,166045
2020-06-29,MUJER,3317,2874,138122
2020-06-30,HOMBRE,3515,3218,169560
2020-06-30,MUJER,3206,2980,141328
2020-07-01,HOMBRE,4503,3473,174063
2020-07-01,MUJER,4157,3215,145485
2020-07-02,HOMBRE,3244,3474,177307
2020-07-02,MUJER,3098,3225,148583
2020-07-03,HOMBRE,3505,3469,180812
2020-07-03,MUJER,3268,3228,151851
2020-07-04,HOMBRE,3066,3514,183878
2020-07-04,MUJER,2830,3269,154681
2020-07-05,HOMBRE,3342,3512,187220
2020-07-05,MUJER,3167,3291,157848
2020-07-06,HOMBRE,3702,3553,190922
2020-07-06,MUJER,3504,3318,161352
2020-07-07,HOMBRE,3514,3553,194436
2020-07-07,MUJER,3075,3299,164427
2020-07-08,HOMBRE,3036,3344,197472
2020-07-08,MUJER,2982,3132,167409
2020-07-09,HOMBRE,3142,3329,200614
2020-07-09,MUJER,3029,3122,170438
2020-07-10,HOMBRE,4932,3533,205546
2020-07-10,MUJER,4585,3310,175023
2020-07-11,HOMBRE,3106,3539,208652
2020-07-11,MUJER,2968,3330,177991
2020-07-12,HOMBRE,3258,3527,211910
2020-07-12,MUJER,3100,3320,181091
2020-07-13,HOMBRE,3896,3554,215806
2020-07-13,MUJER,3808,3363,184899
2020-07-14,HOMBRE,3305,3525,219111
2020-07-14,MUJER,3149,3374,188048
2020-07-15,HOMBRE,4134,3681,223245
2020-07-15,MUJER,3978,3516,192026
2020-07-16,HOMBRE,3367,3714,226612
2020-07-16,MUJER,3122,3530,195148
2020-07-17,HOMBRE,3679,3535,230291
2020-07-17,MUJER,3552,3382,198700
2020-07-18,HOMBRE,3737,3625,234028
2020-07-18,MUJER,3484,3456,202184
2020-07-19,HOMBRE,3343,3637,237371
2020-07-19,MUJER,3131,3460,205315
2020-07-20,HOMBRE,5003,3795,242374
2020-07-20,MUJER,4884,3614,210199
2020-07-21,HOMBRE,3047,3758,245421
2020-07-21,MUJER,3000,3593,213199
2020-07-22,HOMBRE,3047,3603,248468
2020-07-22,MUJER,2898,3438,216097
2020-07-23,HOMBRE,2987,3549,251455
2020-07-23,MUJER,2904,3407,219001
2020-07-24,HOMBRE,3266,3490,254721
2020-07-24,MUJER,3126,3346,222127
2020-07-25,HOMBRE,3764,3493,258485
2020-07-25,MUJER,3713,3379,225840
2020-07-26,HOMBRE,2829,3420,261314
2020-07-26,MUJER,2868,3341,228708
2020-07-27,HOMBRE,3729,3238,265043
2020-07-27,MUJER,3620,3161,232328
2020-07-28,HOMBRE,3034,3236,268077
2020-07-28,MUJER,2978,3158,235306
2020-07-29,HOMBRE,2576,3169,270653
2020-07-29,MUJER,2607,3116,237913
2020-07-30,HOMBRE,2681,3125,273334
2020-07-30,MUJER,2637,3078,240550
2020-07-31,HOMBRE,2820,3061,276154
2020-07-31,MUJER,2777,3028,243327
2020-08-01,HOMBRE,4074,3106,280228
2020-08-01,MUJER,4220,3101,247547
2020-08-02,HOMBRE,2588,3071,282816
2020-08-02,MUJER,2688,3075,250235
2020-08-03,HOMBRE,3288,3008,286104
2020-08-03,MUJER,3055,2994,253290
2020-08-04,HOMBRE,2500,2932,288604
2020-08-04,MUJER,2425,2915,255715
2020-08-05,HOMBRE,2882,2976,291486
2020-08-05,MUJER,2788,2941,258503
2020-08-06,HOMBRE,2479,2947,293965
2020-08-06,MUJER,2424,2911,260927
2020-08-07,HOMBRE,2688,2928,296653
2020-08-07,MUJER,2708,2901,263635
2020-08-08,HOMBRE,2858,2754,299511
2020-08-08,MUJER,2748,2690,266383
2020-08-09,HOMBRE,2353,2721,301864
2020-08-09,MUJER,2308,2636,268691
2020-08-10,HOMBRE,3957,2816,305821
2020-08-10,MUJER,3916,2759,272607
2020-08-11,HOMBRE,2450,2809,308271
2020-08-11,MUJER,2454,2763,275061
2020-08-12,HOMBRE,2432,2745,310703
2020-08-12,MUJER,2485,2720,277546
2020-08-13,HOMBRE,2415,2736,313118
2020-08-13,MUJER,2392,2715,279938
2020-08-14,HOMBRE,2752,2745,315870
2020-08-14,MUJER,2751,2722,282689
2020-08-15,HOMBRE,2956,2759,318826
2020-08-15,MUJER,3022,2761,285711
2020-08-16,HOMBRE,2326,2755,321152
2020-08-16,MUJER,2350,2767,288061
2020-08-17,HOMBRE,2894,2603,324046
2020-08-17,MUJER,2917,2624,290978
2020-08-18,HOMBRE,2960,2676,327006
2020-08-18,MUJER,2840,2679,293818
2020-08-19,HOMBRE,2444,2678,329450
2020-08-19,MUJER,2335,2658,296153
2020-08-20,HOMBRE,3717,2864,333167
2020-08-20,MUJER,3812,2861,299965
2020-08-21,HOMBRE,2537,2833,335704
2020-08-21,MUJER,2693,2852,302658
2020-08-22,HOMBRE,2386,2752,338090
2020-08-22,MUJER,2538,2783,305196
2020-08-23,HOMBRE,2310,2749,340400
2020-08-23,MUJER,2280,2773,307476
2020-08-24,HOMBRE,2958,2758,343358
2020-08-24,MUJER,3041,2791,310517
2020-08-25,HOMBRE,2948,2757,346306
2020-08-25,MUJER,2924,2803,313441
2020-08-26,HOMBRE,2397,2750,348703
2020-08-26,MUJER,2520,2829,315961
2020-08-27,HOMBRE,2472,2572,351175
2020-08-27,MUJER,2504,2642,318465
2020-08-28,HOMBRE,3133,2657,354308
2020-08-28,MUJER,3128,2705,321593
2020-08-29,HOMBRE,2139,2622,356447
2020-08-29,MUJER,2326,2674,323919
2020-08-30,HOMBRE,2375,2631,358822
2020-08-30,MUJER,2553,2713,326472
2020-08-31,HOMBRE,2813,2611,361635
2020-08-31,MUJER,2906,2694,329378
2020-09-01,HOMBRE,3665,2713,365300
2020-09-01,MUJER,3558,2785,332936
2020-09-02,HOMBRE,2416,2716,367716
2020-09-02,MUJER,2476,2778,335412
2020-09-03,HOMBRE,2287,2689,370003
2020-09-03,MUJER,2417,2766,337829
2020-09-04,HOMBRE,2334,2575,372337
2020-09-04,MUJER,2471,2672,340300
2020-09-05,HOMBRE,2553,2634,374890
2020-09-05,MUJER,2633,2716,342933
2020-09-06,HOMBRE,2053,2588,376943
2020-09-06,MUJER,2134,2656,345067
2020-09-07,HOMBRE,2540,2549,379483
2020-09-07,MUJER,2647,2619,347714
2020-09-08,HOMBRE,2273,2350,381756
2020-09-08,MUJER,2354,2447,350068
2020-09-09,HOMBRE,2167,2315,383923
2020-09-09,MUJER,2179,2405,352247
2020-09-10,HOMBRE,2800,2388,386723
2020-09-10,MUJER,2725,2449,354972
2020-09-11,HOMBRE,2103,2355,388826
2020-09-11,MUJER,2171,2406,357143
2020-09-12,HOMBRE,1815,2250,390641
2020-09-12,MUJER,1842,2293,358985
2020-09-13,HOMBRE,1740,2205,392381
2020-09-13,MUJER,1719,2233,360704
2020-09-14,HOMBRE,2396,2184,394777
2020-09-14,MUJER,2398,2198,363102
2020-09-15,HOMBRE,2471,2213,397248
2020-09-15,MUJER,2592,2232,365694
2020-09-16,HOMBRE,1834,2165,399082
2020-09-16,MUJER,1824,2181,367518
2020-09-17,HOMBRE,2193,2078,401275
2020-09-17,MUJER,2269,2116,369787
2020-09-18,HOMBRE,2467,2130,403742
2020-09-18,MUJER,2576,2174,372363
2020-09-19,HOMBRE,2309,2201,406051
2020-09-19,MUJER,2449,2261,374812
2020-09-20,HOMBRE,2922,2370,408973
2020-09-20,MUJER,2961,2438,377773
2020-09-21,HOMBRE,2454,2378,411427
2020-09-21,MUJER,2550,2460,380323
2020-09-22,HOMBRE,2069,2321,413496
2020-09-22,MUJER,2126,2393,382449
2020-09-23,HOMBRE,2025,2348,415521
2020-09-23,MUJER,2046,2425,384495
2020-09-24,HOMBRE,1973,2317,417494
2020-09-24,MUJER,2070,2396,386565
2020-09-25,HOMBRE,2506,2322,420000
2020-09-25,MUJER,2732,2419,389297
2020-09-26,HOMBRE,2027,2282,422027
2020-09-26,MUJER,2042,2361,391339
2020-09-27,HOMBRE,2029,2154,424056
2020-09-27,MUJER,2071,2233,393410
2020-09-28,HOMBRE,2588,2173,426644
2020-09-28,MUJER,2610,2242,396020
2020-09-29,HOMBRE,2113,2180,428757
2020-09-29,MUJER,2311,2268,398331
2020-09-30,HOMBRE,2122,2194,430879
2020-09-30,MUJER,2268,2300,400599
2020-10-01,HOMBRE,3194,2368,434073
2020-10-01,MUJER,3049,2440,403648
2020-10-02,HOMBRE,2336,2344,436409
2020-10-02,MUJER,2437,2398,406085
2020-10-03,HOMBRE,2149,2361,438558
2020-10-03,MUJER,2130,2410,408215
2020-10-04,HOMBRE,2053,2365,440611
2020-10-04,MUJER,2042,2406,410257
2020-10-05,HOMBRE,2973,2420,443584
2020-10-05,MUJER,3063,2471,413320
2020-10-06,HOMBRE,2341,2452,445925
2020-10-06,MUJER,2348,2476,415668
2020-10-07,HOMBRE,2321,2481,448246
2020-10-07,MUJER,2592,2523,418260
2020-10-08,HOMBRE,2421,2370,450667
2020-10-08,MUJER,2533,2449,420793
2020-10-09,HOMBRE,2576,2404,453243
2020-10-09,MUJER,2699,2486,423492
2020-10-10,HOMBRE,3610,2613,456853
2020-10-10,MUJER,3815,2727,427307
2020-10-11,HOMBRE,2318,2651,459171
2020-10-11,MUJER,2449,2785,429756
2020-10-12,HOMBRE,3207,2684,462378
2020-10-12,MUJER,3449,2840,433205
2020-10-13,HOMBRE,2613,2723,464991
2020-10-13,MUJER,2859,2913,436064
2020-10-14,HOMBRE,2479,2746,467470
2020-10-14,MUJER,2680,2926,438744
2020-10-15,HOMBRE,3281,2869,470751
2020-10-15,MUJER,3293,3034,442037
2020-10-16,HOMBRE,2876,2912,473627
2020-10-16,MUJER,3110,3093,445147
2020-10-17,HOMBRE,2675,2778,476302
2020-10-17,MUJER,2806,2949,447953
2020-10-18,HOMBRE,2972,2871,479274
2020-10-18,MUJER,2995,3027,450948
2020-10-19,HOMBRE,3617,2930,482891
2020-10-19,MUJER,3853,3085,454801
2020-10-20,HOMBRE,4067,3138,486958
2020-10-20,MUJER,4156,3270,458957
2020-10-21,HOMBRE,2635,3160,489593
2020-10-21,MUJER,2827,3291,461784
2020-10-22,HOMBRE,2879,3103,492472
2020-10-22,MUJER,2914,3237,464698
2020-10-23,HOMBRE,2829,3096,495301
2020-10-23,MUJER,3083,3233,467781
2020-10-24,HOMBRE,2550,3078,497851
2020-10-24,MUJER,2635,3209,470416
2020-10-25,HOMBRE,3029,3086,500880
2020-10-25,MUJER,3083,3221,473499
2020-10-26,HOMBRE,3380,3052,504260
2020-10-26,MUJER,3526,3174,477025
2020-10-27,HOMBRE,2791,2870,507051
2020-10-27,MUJER,2868,2990,479893
2020-10-28,HOMBRE,2835,2899,509886
2020-10-28,MUJER,2978,3012,482871
2020-10-29,HOMBRE,2515,2847,512401
2020-10-29,MUJER,2505,2954,485376
2020-10-30,HOMBRE,2865,2852,515266
2020-10-30,MUJER,3211,2972,488587
2020-10-31,HOMBRE,2440,2836,517706
2020-10-31,MUJER,2450,2945,491037
2020-11-01,HOMBRE,3886,2958,521592
2020-11-01,MUJER,3969,3072,495006
2020-11-02,HOMBRE,3286,2945,524878
2020-11-02,MUJER,3401,3054,498407
2020-11-03,HOMBRE,3169,2999,528047
2020-11-03,MUJER,3261,3110,501668
2020-11-04,HOMBRE,2913,3010,530960
2020-11-04,MUJER,3101,3128,504769
2020-11-05,HOMBRE,3241,3114,534201
2020-11-05,MUJER,3285,3239,508054
2020-11-06,HOMBRE,3207,3163,537408
2020-11-06,MUJER,3385,3264,511439
2020-11-07,HOMBRE,3004,3243,540412
2020-11-07,MUJER,3125,3361,514564
2020-11-08,HOMBRE,2903,3103,543315
2020-11-08,MUJER,2966,3217,517530
2020-11-09,HOMBRE,3781,3174,547096
2020-11-09,MUJER,4031,3307,521561
2020-11-10,HOMBRE,4033,3297,551129
2020-11-10,MUJER,4250,3449,525811
2020-11-11,HOMBRE,3118,3326,554247
2020-11-11,MUJER,3185,3461,528996
2020-11-12,HOMBRE,2925,3281,557172
2020-11-12,MUJER,3022,3423,532018
2020-11-13,HOMBRE,2920,3240,560092
2020-11-13,MUJER,3008,3369,535026
2020-11-14,HOMBRE,2787,3209,562879
2020-11-14,MUJER,2925,3341,537951
2020-11-15,HOMBRE,3583,3306,566462
2020-11-15,MUJER,3674,3442,541625
2020-11-16,HOMBRE,3412,3254,569874
2020-11-16,MUJER,3637,3385,545262
2020-11-17,HOMBRE,3582,3189,573456
2020-11-17,MUJER,3724,3310,548986
2020-11-18,HOMBRE,3571,3254,577027
2020-11-18,MUJER,3792,3397,552778
2020-11-19,HOMBRE,3339,3313,580366
2020-11-19,MUJER,3607,3481,556385
2020-11-20,HOMBRE,5317,3655,585683
2020-11-20,MUJER,5690,3864,562075
2020-11-21,HOMBRE,3236,3720,588919
2020-11-21,MUJER,3588,3958,565663
2020-11-22,HOMBRE,3311,3681,592230
2020-11-22,MUJER,3741,3968,569404
2020-11-23,HOMBRE,4327,3811,596557
2020-11-23,MUJER,4701,4120,574105
2020-11-24,HOMBRE,3830,3847,600387
2020-11-24,MUJER,3927,4149,578032
2020-11-25,HOMBRE,4160,3931,604547
2020-11-25,MUJER,4502,4250,582534
2020-11-26,HOMBRE,3667,3978,608214
2020-11-26,MUJER,3849,4285,586383
2020-11-27,HOMBRE,4035,3795,612249
2020-11-27,MUJER,4205,4073,590588
2020-11-28,HOMBRE,4117,3921,616366
2020-11-28,MUJER,4351,4182,594939
2020-11-29,HOMBRE,3697,3976,620063
2020-11-29,MUJER,3918,4207,598857
2020-11-30,HOMBRE,5589,4156,625652
2020-11-30,MUJER,5924,4382,604781
2020-12-01,HOMBRE,6377,4520,632029
2020-12-01,MUJER,6574,4760,611355
2020-12-02,HOMBRE,4570,4578,636599
2020-12-02,MUJER,4782,4800,616137
2020-12-03,HOMBRE,4491,4696,641090
2020-12-03,MUJER,4757,4930,620894
2020-12-04,HOMBRE,4718,4794,645808
2020-12-04,MUJER,4904,5030,625798
2020-12-05,HOMBRE,5076,4931,650884
2020-12-05,MUJER,5426,5183,631224
2020-12-06,HOMBRE,4068,4984,654952
2020-12-06,MUJER,4448,5259,635672
2020-12-07,HOMBRE,5969,5038,660921
2020-12-07,MUJER,6234,5303,641906
2020-12-08,HOMBRE,5171,4866,666092
2020-12-08,MUJER,5344,5127,647250
2020-12-09,HOMBRE,5145,4948,671237
2020-12-09,MUJER,5506,5231,652756
2020-12-10,HOMBRE,6232,5197,677469
2020-12-10,MUJER,6453,5473,659209
2020-12-11,HOMBRE,5294,5279,682763
2020-12-11,MUJER,5596,5572,664805
2020-12-12,HOMBRE,5361,5320,688124
2020-12-12,MUJER,5520,5585,670325
2020-12-13,HOMBRE,4646,5402,692770
2020-12-13,MUJER,4689,5620,675014
2020-12-14,HOMBRE,6159,5429,698929
2020-12-14,MUJER,6517,5660,681531
2020-12-15,HOMBRE,5991,5546,704920
2020-12-15,MUJER,6116,5771,687647
2020-12-16,HOMBRE,4902,5512,709822
2020-12-16,MUJER,5098,5712,692745
2020-12-17,HOMBRE,4882,5319,714704
2020-12-17,MUJER,4805,5477,697550
2020-12-18,HOMBRE,5707,5378,720411
2020-12-18,MUJER,5702,5492,703252
2020-12-19,HOMBRE,4750,5291,725161
2020-12-19,MUJER,4815,5391,708067
2020-12-20,HOMBRE,5687,5439,730848
2020-12-20,MUJER,5487,5505,713554
2020-12-21,HOMBRE,5194,5301,736042
2020-12-21,MUJER,5192,5316,718746
2020-12-22,HOMBRE,4772,5127,740814
2020-12-22,MUJER,4675,5110,723421
2020-12-23,HOMBRE,4538,5075,745352
2020-12-23,MUJER,4657,5047,728078
2020-12-24,HOMBRE,5246,5127,750598
2020-12-24,MUJER,5344,5124,733422
2020-12-25,HOMBRE,5125,5044,755723
2020-12-25,MUJER,5347,5073,738769
2020-12-26,HOMBRE,5084,5092,760807
2020-12-26,MUJER,5520,5174,744289
2020-12-27,HOMBRE,5144,5014,765951
2020-12-27,MUJER,5561,5185,749850
2020-12-28,HOMBRE,6809,5245,772760
2020-12-28,MUJER,7182,5469,757032
2020-12-29,HOMBRE,4924,5267,777684
2020-12-29,MUJER,5104,5530,762136
2020-12-30,HOMBRE,5274,5372,782958
2020-12-30,MUJER,5400,5636,767536
2020-12-31,HOMBRE,6197,5508,789155
2020-12-31,MUJER,6444,5794,773980
2021-01-01,HOMBRE,8566,5999,797721
2021-01-01,MUJER,8851,6294,782831
2021-01-02,HOMBRE,6635,6221,804356
2021-01-02,MUJER,7128,6524,789959
2021-01-03,HOMBRE,6931,6476,811287
2021-01-03,MUJER,7285,6770,797244
2021-01-04,HOMBRE,8976,6786,820263
2021-01-04,MUJER,9733,7135,806977
2021-01-05,HOMBRE,8124,7243,828387
2021-01-05,MUJER,8620,7637,815597
2021-01-06,HOMBRE,7113,7506,835500
2021-01-06,MUJER,7537,7942,823134
2021-01-07,HOMBRE,7158,7643,842658
2021-01-07,MUJER,7454,8086,830588
2021-01-08,HOMBRE,7766,7529,850424
2021-01-08,MUJER,8068,7975,838656
2021-01-09,HOMBRE,7181,7607,857605
2021-01-09,MUJER,7419,8016,846075
2021-01-10,HOMBRE,8380,7814,865985
2021-01-10,MUJER,8825,8236,854900
2021-01-11,HOMBRE,8605,7761,874590
2021-01-11,MUJER,8831,8107,863731
2021-01-12,HOMBRE,7346,7649,881936
2021-01-12,MUJER,7440,7939,871171
2021-01-13,HOMBRE,6941,7625,888877
2021-01-13,MUJER,7213,7892,878384
2021-01-14,HOMBRE,7005,7603,895882
2021-01-14,MUJER,7180,7853,885564
2021-01-15,HOMBRE,8213,7667,904095
2021-01-15,MUJER,8444,7907,894008
2021-01-16,HOMBRE,6617,7586,910712
2021-01-16,MUJER,6724,7808,900732
2021-01-17,HOMBRE,5846,7224,916558
2021-01-17,MUJER,5788,7374,906520
2021-01-18,HOMBRE,8473,7205,925031
2021-01-18,MUJER,8526,7330,915046
2021-01-19,HOMBRE,6735,7118,931766
2021-01-19,MUJER,6834,7244,921880
2021-01-20,HOMBRE,8168,7293,939934
2021-01-20,MUJER,8327,7403,930207
2021-01-21,HOMBRE,5958,7144,945892
2021-01-21,MUJER,5908,7221,936115
2021-01-22,HOMBRE,6181,6854,952073
2021-01-22,MUJER,6202,6901,942317
2021-01-23,HOMBRE,5645,6715,957718
2021-01-23,MUJER,5619,6743,947936
2021-01-24,HOMBRE,4903,6580,962621
2021-01-24,MUJER,4981,6628,952917
2021-01-25,HOMBRE,7208,6399,969829
2021-01-25,MUJER,7214,6440,960131
2021-01-26,HOMBRE,5295,6194,975124
2021-01-26,MUJER,5339,6227,965470
2021-01-27,HOMBRE,4708,5699,979832
2021-01-27,MUJER,4644,5701,970114
2021-01-28,HOMBRE,4965,5557,984797
2021-01-28,MUJER,4874,5553,974988
2021-01-29,HOMBRE,4075,5257,988872
2021-01-29,MUJER,4031,5243,979019
2021-01-30,HOMBRE,3913,5009,992785
2021-01-30,MUJER,3879,4994,982898
2021-01-31,HOMBRE,3413,4796,996198
2021-01-31,MUJER,3351,4761,986249
2021-02-01,HOMBRE,5353,4531,1001551
2021-02-01,MUJER,5331,4492,991580
2021-02-02,HOMBRE,4667,4442,1006218
2021-02-02,MUJER,4567,4382,996147
2021-02-03,HOMBRE,3850,4319,1010068
2021-02-03,MUJER,3931,4280,1000078
2021-02-04,HOMBRE,3624,4127,1013692
2021-02-04,MUJER,3733,4117,1003811
2021-02-05,HOMBRE,4242,4151,1017934
2021-02-05,MUJER,4214,4143,1008025
2021-02-06,HOMBRE,3152,4043,1021086
2021-02-06,MUJER,3345,4067,1011370
2021-02-07,HOMBRE,2873,3965,1023959
2021-02-07,MUJER,2807,3989,1014177
2021-02-08,HOMBRE,4199,3801,1028158
2021-02-08,MUJER,4280,3839,1018457
2021-02-09,HOMBRE,3178,3588,1031336
2021-02-09,MUJER,3292,3657,1021749
2021-02-10,HOMBRE,3949,3602,1035285
2021-02-10,MUJER,3774,3635,1025523
2021-02-11,HOMBRE,2801,3484,1038086
2021-02-11,MUJER,2777,3498,1028300
2021-02-12,HOMBRE,3010,3308,1041096
2021-02-12,MUJER,3036,3330,1031336
2021-02-13,HOMBRE,2649,3237,1043745
2021-02-13,MUJER,2621,3226,1033957
2021-02-14,HOMBRE,2477,3180,1046222
2021-02-14,MUJER,2497,3182,1036454
2021-02-15,HOMBRE,3877,3134,1050099
2021-02-15,MUJER,3889,3126,1040343
2021-02-16,HOMBRE,2930,3099,1053029
2021-02-16,MUJER,3041,3090,1043384
2021-02-17,HOMBRE,2771,2930,1055800
2021-02-17,MUJER,2839,2957,1046223
2021-02-18,HOMBRE,2947,2951,1058747
2021-02-18,MUJER,3030,2993,1049253
2021-02-19,HOMBRE,2918,2938,1061665
2021-02-19,MUJER,2983,2985,1052236
2021-02-20,HOMBRE,3304,3032,1064969
2021-02-20,MUJER,3429,3101,1055665
2021-02-21,HOMBRE,2264,3001,1067233
2021-02-21,MUJER,2323,3076,1057988
2021-02-22,HOMBRE,3297,2918,1070530
2021-02-22,MUJER,3470,3016,1061458
2021-02-23,HOMBRE,2816,2902,1073346
2021-02-23,MUJER,2771,2977,1064229
2021-02-24,HOMBRE,2469,2859,1075815
2021-02-24,MUJER,2578,2940,1066807
2021-02-25,HOMBRE,2787,2836,1078602
2021-02-25,MUJER,2882,2919,1069689
2021-02-26,HOMBRE,2817,2822,1081419
2021-02-26,MUJER,3013,2923,1072702
2021-02-27,HOMBRE,2458,2701,1083877
2021-02-27,MUJER,2461,2785,1075163
2021-02-28,HOMBRE,2972,2802,1086849
2021-02-28,MUJER,2864,2862,1078027
2021-03-01,HOMBRE,3970,2898,1090819
2021-03-01,MUJER,4165,2962,1082192
2021-03-02,HOMBRE,2644,2873,1093463
2021-03-02,MUJER,2791,2964,1084983
2021-03-03,HOMBRE,2622,2895,1096085
2021-03-03,MUJER,2581,2965,1087564
2021-03-04,HOMBRE,2283,2823,1098368
2021-03-04,MUJER,2427,2900,1089991
2021-03-05,HOMBRE,2555,2786,1100923
2021-03-05,MUJER,2676,2852,1092667
2021-03-06,HOMBRE,2129,2739,1103052
2021-03-06,MUJER,2148,2807,1094815
2021-03-07,HOMBRE,1921,2589,1104973
2021-03-07,MUJER,1965,2679,1096780
2021-03-08,HOMBRE,2626,2397,1107599
2021-03-08,MUJER,2738,2475,1099518
2021-03-09,HOMBRE,2210,2335,1109809
2021-03-09,MUJER,2318,2407,1101836
2021-03-10,HOMBRE,2555,2325,1112364
2021-03-10,MUJER,2643,2416,1104479
2021-03-11,HOMBRE,1868,2266,1114232
2021-03-11,MUJER,1906,2342,1106385
2021-03-12,HOMBRE,1967,2182,1116199
2021-03-12,MUJER,2031,2249,1108416
2021-03-13,HOMBRE,1825,2138,1118024
2021-03-13,MUJER,1726,2189,1110142
2021-03-14,HOMBRE,1651,2100,1119675
2021-03-14,MUJER,1721,2154,1111863
2021-03-15,HOMBRE,2294,2052,1121969
2021-03-15,MUJER,2356,2100,1114219
2021-03-16,HOMBRE,2192,2050,1124161
2021-03-16,MUJER,2338,2103,1116557
2021-03-17,HOMBRE,2034,1975,1126195
2021-03-17,MUJER,2080,2022,1118637
2021-03-18,HOMBRE,2084,2006,1128279
2021-03-18,MUJER,2128,2054,1120765
2021-03-19,HOMBRE,1976,2008,1130255
2021-03-19,MUJER,2117,2066,1122882
2021-03-20,HOMBRE,2393,2089,1132648
2021-03-20,MUJER,2429,2167,1125311
2021-03-21,HOMBRE,1552,2075,1134200
2021-03-21,MUJER,1619,2152,1126930
2021-03-22,HOMBRE,2182,2059,1136382
2021-03-22,MUJER,2339,2150,1129269
2021-03-23,HOMBRE,1918,2019,1138300
2021-03-23,MUJER,2038,2107,1131307
2021-03-24,HOMBRE,1762,1981,1140062
2021-03-24,MUJER,1832,2071,1133139
2021-03-25,HOMBRE,1816,1942,1141878
2021-03-25,MUJER,1822,2028,1134961
2021-03-26,HOMBRE,1548,1881,1143426
2021-03-26,MUJER,1667,1963,1136628
2021-03-27,HOMBRE,1469,1749,1144895
2021-03-27,MUJER,1586,1843,1138214
2021-03-28,HOMBRE,1514,1744,1146409
2021-03-28,MUJER,1530,1830,1139744
2021-03-29,HOMBRE,1714,1677,1148123
2021-03-29,MUJER,1831,1758,1141575
2021-03-30,HOMBRE,1594,1631,1149717
2021-03-30,MUJER,1617,1697,1143192
2021-03-31,HOMBRE,1405,1580,1151122
2021-03-31,MUJER,1498,1650,1144690
2021-04-01,HOMBRE,1853,1585,1152975
2021-04-01,MUJER,1904,1661,1146594
2021-04-02,HOMBRE,1412,1565,1154387
2021-04-02,MUJER,1483,1635,1148077
2021-04-03,HOMBRE,1508,1571,1155895
2021-04-03,MUJER,1629,1641,1149706
2021-04-04,HOMBRE,1630,1588,1157525
2021-04-04,MUJER,1746,1672,1151452
2021-04-05,HOMBRE,2237,1662,1159762
2021-04-05,MUJER,2335,1744,1153787
2021-04-06,HOMBRE,1699,1677,1161461
2021-04-06,MUJER,1794,1769,1155581
2021-04-07,HOMBRE,1688,1718,1163149
2021-04-07,MUJER,1688,1797,1157269
2021-04-08,HOMBRE,1591,1680,1164740
2021-04-08,MUJER,1654,1761,1158923
2021-04-09,HOMBRE,1616,1709,1166356
2021-04-09,MUJER,1745,1798,1160668
2021-04-10,HOMBRE,1919,1768,1168275
2021-04-10,MUJER,2060,1860,1162728
2021-04-11,HOMBRE,1351,1728,1169626
2021-04-11,MUJER,1443,1817,1164171
2021-04-12,HOMBRE,1795,1665,1171421
2021-04-12,MUJER,1986,1767,1166157
2021-04-13,HOMBRE,1455,1630,1172876
2021-04-13,MUJER,1584,1737,1167741
2021-04-14,HOMBRE,1433,1594,1174309
2021-04-14,MUJER,1483,1707,1169224
2021-04-15,HOMBRE,1583,1593,1175892
2021-04-15,MUJER,1600,1700,1170824
2021-04-16,HOMBRE,1399,1562,1177291
2021-04-16,MUJER,1532,1669,1172356
2021-04-17,HOMBRE,1237,1464,1178528
2021-04-17,MUJER,1342,1567,1173698
2021-04-18,HOMBRE,1232,1447,1179760
2021-04-18,MUJER,1326,1550,1175024
2021-04-19,HOMBRE,1691,1432,1181451
2021-04-19,MUJER,1786,1521,1176810
2021-04-20,HOMBRE,1714,1469,1183165
2021-04-20,MUJER,1844,1559,1178654
2021-04-21,HOMBRE,1316,1453,1184481
2021-04-21,MUJER,1310,1534,1179964
2021-04-22,HOMBRE,1245,1404,1185726
2021-04-22,MUJER,1287,1489,1181251
2021-04-23,HOMBRE,1258,1384,1186984
2021-04-23,MUJER,1308,1457,1182559
2021-04-24,HOMBRE,1251,1386,1188235
2021-04-24,MUJER,1328,1455,1183887
2021-04-25,HOMBRE,1319,1399,1189554
2021-04-25,MUJER,1441,1472,1185328
2021-04-26,HOMBRE,1464,1366,1191018
2021-04-26,MUJER,1457,1425,1186785
2021-04-27,HOMBRE,1270,1303,1192288
2021-04-27,MUJER,1263,1342,1188048
2021-04-28,HOMBRE,1252,1294,1193540
2021-04-28,MUJER,1195,1325,1189243
2021-04-29,HOMBRE,1033,1263,1194573
2021-04-29,MUJER,1053,1292,1190296
2021-04-30,HOMBRE,1136,1246,1195709
2021-04-30,MUJER,1170,1272,1191466
2021-05-01,HOMBRE,1256,1247,1196965
2021-05-01,MUJER,1308,1269,1192774
2021-05-02,HOMBRE,992,1200,1197957
2021-05-02,MUJER,935,1197,1193709
2021-05-03,HOMBRE,1275,1173,1199232
2021-05-03,MUJER,1345,1181,1195054
2021-05-04,HOMBRE,1029,1139,1200261
2021-05-04,MUJER,1093,1157,1196147
2021-05-05,HOMBRE,1230,1135,1201491
2021-05-05,MUJER,1218,1160,1197365
2021-05-06,HOMBRE,978,1128,1202469
2021-05-06,MUJER,1013,1154,1198378
2021-05-07,HOMBRE,1010,1110,1203479
2021-05-07,MUJER,1013,1132,1199391
2021-05-08,HOMBRE,936,1064,1204415
2021-05-08,MUJER,928,1077,1200319
2021-05-09,HOMBRE,804,1037,1205219
2021-05-09,MUJER,862,1067,1201181
2021-05-10,HOMBRE,1276,1037,1206495
2021-05-10,MUJER,1395,1074,1202576
2021-05-11,HOMBRE,1078,1044,1207573
2021-05-11,MUJER,1082,1073,1203658
2021-05-12,HOMBRE,1008,1012,1208581
2021-05-12,MUJER,1041,1047,1204699
2021-05-13,HOMBRE,910,1003,1209491
2021-05-13,MUJER,1006,1046,1205705
2021-05-14,HOMBRE,993,1000,1210484
2021-05-14,MUJER,1082,1056,1206787
2021-05-15,HOMBRE,1111,1025,1211595
2021-05-15,MUJER,1151,1088,1207938
2021-05-16,HOMBRE,836,1030,1212431
2021-05-16,MUJER,845,1086,1208783
2021-05-17,HOMBRE,1247,1026,1213678
2021-05-17,MUJER,1311,1074,1210094
2021-05-18,HOMBRE,1145,1035,1214823
2021-05-18,MUJER,1162,1085,1211256
2021-05-19,HOMBRE,929,1024,1215752
2021-05-19,MUJER,1023,1082,1212279
2021-05-20,HOMBRE,1175,1062,1216927
2021-05-20,MUJER,1271,1120,1213550
2021-05-21,HOMBRE,1005,1064,1217932
2021-05-21,MUJER,960,1103,1214510
2021-05-22,HOMBRE,945,1040,1218877
2021-05-22,MUJER,983,1079,1215493
2021-05-23,HOMBRE,919,1052,1219796
2021-05-23,MUJER,961,1095,1216454
2021-05-24,HOMBRE,1301,1059,1221097
2021-05-24,MUJER,1366,1103,1217820
2021-05-25,HOMBRE,1205,1068,1222302
2021-05-25,MUJER,1233,1113,1219053
2021-05-26,HOMBRE,1089,1091,1223391
2021-05-26,MUJER,1125,1128,1220178
2021-05-27,HOMBRE,999,1066,1224390
2021-05-27,MUJER,984,1087,1221162
2021-05-28,HOMBRE,1235,1099,1225625
2021-05-28,MUJER,1168,1117,1222330
2021-05-29,HOMBRE,974,1103,1226599
2021-05-29,MUJER,963,1114,1223293
2021-05-30,HOMBRE,1048,1121,1227647
2021-05-30,MUJER,1090,1132,1224383
2021-05-31,HOMBRE,1336,1126,1228983
2021-05-31,MUJER,1326,1127,1225709
2021-06-01,HOMBRE,1636,1188,1230619
2021-06-01,MUJER,1685,1191,1227394
2021-06-02,HOMBRE,1207,1205,1231826
2021-06-02,MUJER,1208,1203,1228602
2021-06-03,HOMBRE,1179,1230,1233005
2021-06-03,MUJER,1111,1221,1229713
2021-06-04,HOMBRE,1271,1235,1234276
2021-06-04,MUJER,1264,1235,1230977
2021-06-05,HOMBRE,1346,1289,1235622
2021-06-05,MUJER,1349,1290,1232326
2021-06-06,HOMBRE,1347,1331,1236969
2021-06-06,MUJER,1374,1331,1233700
2021-06-07,HOMBRE,1676,1380,1238645
2021-06-07,MUJER,1618,1372,1235318
2021-06-08,HOMBRE,1600,1375,1240245
2021-06-08,MUJER,1550,1353,1236868
2021-06-09,HOMBRE,1490,1415,1241735
2021-06-09,MUJER,1456,1388,1238324
2021-06-10,HOMBRE,1599,1475,1243334
2021-06-10,MUJER,1604,1459,1239928
2021-06-11,HOMBRE,1482,1505,1244816
2021-06-11,MUJER,1505,1493,1241433
2021-06-12,HOMBRE,1437,1518,1246253
2021-06-12,MUJER,1451,1508,1242884
2021-06-13,HOMBRE,1420,1529,1247673
2021-06-13,MUJER,1435,1517,1244319
2021-06-14,HOMBRE,2024,1578,1249697
2021-06-14,MUJER,1954,1565,1246273
2021-06-15,HOMBRE,2023,1639,1251720
2021-06-15,MUJER,1858,1609,1248131
2021-06-16,HOMBRE,1797,1683,1253517
2021-06-16,MUJER,1762,1652,1249893
2021-06-17,HOMBRE,1652,1690,1255169
2021-06-17,MUJER,1699,1666,1251592
2021-06-18,HOMBRE,2130,1783,1257299
2021-06-18,MUJER,2138,1756,1253730
2021-06-19,HOMBRE,1965,1858,1259264
2021-06-19,MUJER,1946,1827,1255676
2021-06-20,HOMBRE,2436,2003,1261700
2021-06-20,MUJER,2513,1981,1258189
2021-06-21,HOMBRE,2485,2069,1264185
2021-06-21,MUJER,2463,2054,1260652
2021-06-22,HOMBRE,2353,2116,1266538
2021-06-22,MUJER,2327,2121,1262979
2021-06-23,HOMBRE,2268,2184,1268806
2021-06-23,MUJER,2249,2190,1265228
2021-06-24,HOMBRE,2264,2271,1271070
2021-06-24,MUJER,2193,2261,1267421
2021-06-25,HOMBRE,2597,2338,1273667
2021-06-25,MUJER,2580,2324,1270001
2021-06-26,HOMBRE,2524,2418,1276191
2021-06-26,MUJER,2501,2403,1272502
2021-06-27,HOMBRE,2561,2436,1278752
2021-06-27,MUJER,2540,2407,1275042
2021-06-28,HOMBRE,3292,2551,1282044
2021-06-28,MUJER,3218,2515,1278260
2021-06-29,HOMBRE,2821,2618,1284865
2021-06-29,MUJER,2728,2572,1280988
2021-06-30,HOMBRE,3110,2738,1287975
2021-06-30,MUJER,2984,2677,1283972
2021-07-01,HOMBRE,3873,2968,1291848
2021-07-01,MUJER,3786,2905,1287758
2021-07-02,HOMBRE,3434,3087,1295282
2021-07-02,MUJER,3524,3040,1291282
2021-07-03,HOMBRE,3465,3222,1298747
2021-07-03,MUJER,3619,3199,1294901
2021-07-04,HOMBRE,3629,3374,1302376
2021-07-04,MUJER,3593,3350,1298494
2021-07-05,HOMBRE,5389,3674,1307765
2021-07-05,MUJER,5239,3639,1303733
2021-07-06,HOMBRE,4658,3936,1312423
2021-07-06,MUJER,4726,3924,1308459
2021-07-07,HOMBRE,4886,4190,1317309
2021-07-07,MUJER,4841,4189,1313300
2021-07-08,HOMBRE,4615,4296,1321924
2021-07-08,MUJER,4656,4314,1317956
2021-07-09,HOMBRE,5105,4535,1327029
2021-07-09,MUJER,5120,4542,1323076
2021-07-10,HOMBRE,6278,4937,1333307
2021-07-10,MUJER,6312,4926,1329388
2021-07-11,HOMBRE,4862,5113,1338169
2021-07-11,MUJER,5021,5130,1334409
2021-07-12,HOMBRE,6983,5341,1345152
2021-07-12,MUJER,7050,5389,1341459
2021-07-13,HOMBRE,6342,5581,1351494
2021-07-13,MUJER,6498,5642,1347957
2021-07-14,HOMBRE,6043,5746,1357537
2021-07-14,MUJER,5892,5792,1353849
2021-07-15,HOMBRE,6523,6019,1364060
2021-07-15,MUJER,6773,6095,1360622
2021-07-16,HOMBRE,6536,6223,1370596
2021-07-16,MUJER,6728,6324,1367350
2021-07-17,HOMBRE,6839,6304,1377435
2021-07-17,MUJER,6928,6412,1374278
2021-07-18,HOMBRE,6658,6560,1384093
2021-07-18,MUJER,6839,6672,1381117
2021-07-19,HOMBRE,9658,6942,1393751
2021-07-19,MUJER,9581,7034,1390698
2021-07-20,HOMBRE,9527,7397,1403278
2021-07-20,MUJER,9440,7454,1400138
2021-07-21,HOMBRE,7501,7606,1410779
2021-07-21,MUJER,7638,7703,1407776
2021-07-22,HOMBRE,7495,7744,1418274
2021-07-22,MUJER,7803,7851,1415579
2021-07-23,HOMBRE,8125,7971,1426399
2021-07-23,MUJER,8414,8091,1423993
2021-07-24,HOMBRE,8153,8159,1434552
2021-07-24,MUJER,8281,8285,1432274
2021-07-25,HOMBRE,8824,8469,1443376
2021-07-25,MUJER,8996,8593,1441270
2021-07-26,HOMBRE,10676,8614,1454052
2021-07-26,MUJER,10870,8777,1452140
2021-07-27,HOMBRE,9731,8643,1463783
2021-07-27,MUJER,9838,8834,1461978
2021-07-28,HOMBRE,8936,8848,1472719
2021-07-28,MUJER,9036,9034,1471014
2021-07-29,HOMBRE,8274,8959,1480993
2021-07-29,MUJER,8338,9110,1479352
2021-07-30,HOMBRE,8865,9065,1489858
2021-07-30,MUJER,8873,9176,1488225
2021-07-31,HOMBRE,8125,9061,1497983
2021-07-31,MUJER,8100,9150,1496325
2021-08-01,HOMBRE,10849,9350,1508832
2021-08-01,MUJER,10931,9426,1507256
2021-08-02,HOMBRE,10740,9360,1519572
2021-08-02,MUJER,10722,9405,1517978
2021-08-03,HOMBRE,9357,9306,1528929
2021-08-03,MUJER,9162,9308,1527140
2021-08-04,HOMBRE,8484,9242,1537413
2021-08-04,MUJER,8715,9263,1535855
2021-08-05,HOMBRE,9416,9405,1546829
2021-08-05,MUJER,9378,9411,1545233
2021-08-06,HOMBRE,9248,9459,1556077
2021-08-06,MUJER,9465,9496,1554698
2021-08-07,HOMBRE,8733,9546,1564810
2021-08-07,MUJER,9034,9629,1563732
2021-08-08,HOMBRE,9179,9308,1573989
2021-08-08,MUJER,9387,9409,1573119
2021-08-09,HOMBRE,10946,9337,1584935
2021-08-09,MUJER,10890,9433,1584009
2021-08-10,HOMBRE,10793,9542,1595728
2021-08-10,MUJER,11123,9713,1595132
2021-08-11,HOMBRE,8319,9519,1604047
2021-08-11,MUJER,8635,9701,1603767
2021-08-12,HOMBRE,8025,9320,1612072
2021-08-12,MUJER,8357,9555,1612124
2021-08-13,HOMBRE,8517,9216,1620589
2021-08-13,MUJER,8554,9425,1620678
2021-08-14,HOMBRE,8359,9162,1628948
2021-08-14,MUJER,8268,9316,1628946
2021-08-15,HOMBRE,8700,9094,1637648
2021-08-15,MUJER,8774,9228,1637720
2021-08-16,HOMBRE,9823,8933,1647471
2021-08-16,MUJER,10012,9103,1647732
2021-08-17,HOMBRE,8074,8545,1655545
2021-08-17,MUJER,7990,8655,1655722
2021-08-18,HOMBRE,7705,8457,1663250
2021-08-18,MUJER,7806,8537,1663528
2021-08-19,HOMBRE,6910,8298,1670160
2021-08-19,MUJER,7017,8345,1670545
2021-08-20,HOMBRE,8912,8354,1679072
2021-08-20,MUJER,9260,8446,1679805
2021-08-21,HOMBRE,6495,8088,1685567
2021-08-21,MUJER,6562,8203,1686367
2021-08-22,HOMBRE,6254,7739,1691821
2021-08-22,MUJER,6340,7855,1692707
2021-08-23,HOMBRE,8003,7479,1699824
2021-08-23,MUJER,7867,7548,1700574
2021-08-24,HOMBRE,6546,7260,1706370
2021-08-24,MUJER,6440,7327,1707014
2021-08-25,HOMBRE,6657,7111,1713027
2021-08-25,MUJER,6803,7184,1713817
2021-08-26,HOMBRE,5753,6945,1718780
2021-08-26,MUJER,5749,7003,1719566
2021-08-27,HOMBRE,6094,6543,1724874
2021-08-27,MUJER,6355,6588,1725921
2021-08-28,HOMBRE,6363,6524,1731237
2021-08-28,MUJER,6301,6550,1732222
2021-08-29,HOMBRE,5559,6425,1736796
2021-08-29,MUJER,5587,6443,1737809
2021-08-30,HOMBRE,6988,6280,1743784
2021-08-30,MUJER,6951,6312,1744760
2021-08-31,HOMBRE,5528,6134,1749312
2021-08-31,MUJER,5603,6192,1750363
2021-09-01,HOMBRE,6923,6172,1756235
2021-09-01,MUJER,7065,6230,1757428
2021-09-02,HOMBRE,5219,6096,1761454
2021-09-02,MUJER,5545,6201,1762973
2021-09-03,HOMBRE,5352,5990,1766806
2021-09-03,MUJER,5633,6097,1768606
2021-09-04,HOMBRE,5027,5799,1771833
2021-09-04,MUJER,5207,5941,1773813
2021-09-05,HOMBRE,4956,5713,1776789
2021-09-05,MUJER,5205,5887,1779018
2021-09-06,HOMBRE,5829,5547,1782618
2021-09-06,MUJER,5956,5744,1784974
2021-09-07,HOMBRE,4840,5449,1787458
2021-09-07,MUJER,5110,5674,1790084
2021-09-08,HOMBRE,4446,5095,1791904
2021-09-08,MUJER,4814,5352,1794898
2021-09-09,HOMBRE,4363,4973,1796267
2021-09-09,MUJER,4709,5233,1799607
2021-09-10,HOMBRE,5244,4957,1801511
2021-09-10,MUJER,5521,5217,1805128
2021-09-11,HOMBRE,3804,4783,1805315
2021-09-11,MUJER,3958,5039,1809086
2021-09-12,HOMBRE,3619,4592,1808934
2021-09-12,MUJER,3804,4838,1812890
2021-09-13,HOMBRE,4320,4376,1813254
2021-09-13,MUJER,4485,4628,1817375
2021-09-14,HOMBRE,3574,4195,1816828
2021-09-14,MUJER,3939,4461,1821314
2021-09-15,HOMBRE,4150,4153,1820978
2021-09-15,MUJER,4412,4404,1825726
2021-09-16,HOMBRE,3055,3966,1824033
2021-09-16,MUJER,3323,4206,1829049
2021-09-17,HOMBRE,4068,3798,1828101
2021-09-17,MUJER,4584,4072,1833633
2021-09-18,HOMBRE,3959,3820,1832060
2021-09-18,MUJER,4206,4107,1837839
2021-09-19,HOMBRE,3728,3836,1835788
2021-09-19,MUJER,4081,4147,1841920
2021-09-20,HOMBRE,4947,3925,1840735
2021-09-20,MUJER,5557,4300,1847477
2021-09-21,HOMBRE,3411,3902,1844146
2021-09-21,MUJER,3637,4257,1851114
2021-09-22,HOMBRE,3311,3782,1847457
2021-09-22,MUJER,3586,4139,1854700
2021-09-23,HOMBRE,2973,3771,1850430
2021-09-23,MUJER,3249,4128,1857949
2021-09-24,HOMBRE,3362,3670,1853792
2021-09-24,MUJER,3637,3993,1861586
2021-09-25,HOMBRE,3306,3576,1857098
2021-09-25,MUJER,3395,3877,1864981
2021-09-26,HOMBRE,2710,3431,1859808
2021-09-26,MUJER,2923,3712,1867904
2021-09-27,HOMBRE,3432,3215,1863240
2021-09-27,MUJER,3577,3429,1871481
2021-09-28,HOMBRE,2723,3116,1865963
2021-09-28,MUJER,2820,3312,1874301
2021-09-29,HOMBRE,2511,3002,1868474
2021-09-29,MUJER,2597,3171,1876898
2021-09-30,HOMBRE,2394,2919,1870868
2021-09-30,MUJER,2575,3074,1879473
2021-10-01,HOMBRE,3311,2912,1874179
2021-10-01,MUJER,3354,3034,1882827
2021-10-02,HOMBRE,2353,2776,1876532
2021-10-02,MUJER,2520,2909,1885347
2021-10-03,HOMBRE,2225,2707,1878757
2021-10-03,MUJER,2300,2820,1887647
2021-10-04,HOMBRE,2766,2611,1881523
2021-10-04,MUJER,2933,2728,1890580
2021-10-05,HOMBRE,2340,2557,1883863
2021-10-05,MUJER,2500,2682,1893080
2021-10-06,HOMBRE,2112,2500,1885975
2021-10-06,MUJER,2295,2639,1895375
2021-10-07,HOMBRE,1875,2426,1887850
2021-10-07,MUJER,2145,2578,1897520
2021-10-08,HOMBRE,2054,2246,1889904
2021-10-08,MUJER,2387,2440,1899907
2021-10-09,HOMBRE,2035,2201,1891939
2021-10-09,MUJER,2242,2400,1902149
2021-10-10,HOMBRE,2355,2219,1894294
2021-10-10,MUJER,2609,2444,1904758
2021-10-11,HOMBRE,2222,2141,1896516
2021-10-11,MUJER,2525,2386,1907283
2021-10-12,HOMBRE,1878,2075,1898394
2021-10-12,MUJER,2031,2319,1909314
2021-10-13,HOMBRE,1706,2017,1900100
2021-10-13,MUJER,1822,2251,1911136
2021-10-14,HOMBRE,1554,1972,1901654
2021-10-14,MUJER,1828,2206,1912964
2021-10-15,HOMBRE,1909,1951,1903563
2021-10-15,MUJER,2217,2182,1915181
2021-10-16,HOMBRE,1599,1889,1905162
2021-10-16,MUJER,1767,2114,1916948
2021-10-17,HOMBRE,1575,1777,1906737
2021-10-17,MUJER,1784,1996,1918732
2021-10-18,HOMBRE,2034,1750,1908771
2021-10-18,MUJER,2344,1970,1921076
2021-10-19,HOMBRE,1714,1727,1910485
2021-10-19,MUJER,1935,1956,1923011
2021-10-20,HOMBRE,1857,1748,1912342
2021-10-20,MUJER,2071,1992,1925082
2021-10-21,HOMBRE,1429,1731,1913771
2021-10-21,MUJER,1598,1959,1926680
2021-10-22,HOMBRE,1557,1680,1915328
2021-10-22,MUJER,1779,1896,1928459
2021-10-23,HOMBRE,1426,1656,1916754
2021-10-23,MUJER,1536,1863,1929995
2021-10-24,HOMBRE,1369,1626,1918123
2021-10-24,MUJER,1454,1816,1931449
2021-10-25,HOMBRE,1937,1612,1920060
2021-10-25,MUJER,2133,1786,1933582
2021-10-26,HOMBRE,1463,1576,1921523
2021-10-26,MUJER,1592,1737,1935174
2021-10-27,HOMBRE,1275,1493,1922798
2021-10-27,MUJER,1480,1653,1936654
2021-10-28,HOMBRE,1148,1453,1923946
2021-10-28,MUJER,1352,1618,1938006
2021-10-29,HOMBRE,1348,1423,1925294
2021-10-29,MUJER,1412,1565,1939418
2021-10-30,HOMBRE,1135,1382,1926429
2021-10-30,MUJER,1249,1524,1940667
2021-10-31,HOMBRE,1137,1349,1927566
2021-10-31,MUJER,1361,1511,1942028
2021-11-01,HOMBRE,1766,1324,1929332
2021-11-01,MUJER,1966,1487,1943994
2021-11-02,HOMBRE,1244,1293,1930576
2021-11-02,MUJER,1459,1468,1945453
2021-11-03,HOMBRE,1335,1301,1931911
2021-11-03,MUJER,1529,1475,1946982
2021-11-04,HOMBRE,1181,1306,1933092
2021-11-04,MUJER,1332,1472,1948314
2021-11-05,HOMBRE,1270,1295,1934362
2021-11-05,MUJER,1497,1484,1949811
2021-11-06,HOMBRE,1302,1319,1935664
2021-11-06,MUJER,1389,1504,1951200
2021-11-07,HOMBRE,1184,1326,1936848
2021-11-07,MUJER,1457,1518,1952657
2021-11-08,HOMBRE,1513,1289,1938361
2021-11-08,MUJER,1717,1482,1954374
2021-11-09,HOMBRE,1257,1291,1939618
2021-11-09,MUJER,1468,1484,1955842
2021-11-10,HOMBRE,1349,1293,1940967
2021-11-10,MUJER,1510,1481,1957352
2021-11-11,HOMBRE,1102,1282,1942069
2021-11-11,MUJER,1239,1468,1958591
2021-11-12,HOMBRE,1093,1257,1943162
2021-11-12,MUJER,1247,1432,1959838
2021-11-13,HOMBRE,1035,1219,1944197
2021-11-13,MUJER,1201,1405,1961039
2021-11-14,HOMBRE,1064,1201,1945261
2021-11-14,MUJER,1274,1379,1962313
2021-11-15,HOMBRE,1397,1185,1946658
2021-11-15,MUJER,1641,1368,1963954
2021-11-16,HOMBRE,1212,1178,1947870
2021-11-16,MUJER,1442,1364,1965396
2021-11-17,HOMBRE,1459,1194,1949329
2021-11-17,MUJER,1606,1378,1967002
2021-11-18,HOMBRE,1253,1216,1950582
2021-11-18,MUJER,1378,1398,1968380
2021-11-19,HOMBRE,1320,1248,1951902
2021-11-19,MUJER,1522,1437,1969902
2021-11-20,HOMBRE,1518,1317,1953420
2021-11-20,MUJER,1633,1499,1971535
2021-11-21,HOMBRE,1130,1327,1954550
2021-11-21,MUJER,1241,1494,1972776
2021-11-22,HOMBRE,1329,1317,1955879
2021-11-22,MUJER,1590,1487,1974366
2021-11-23,HOMBRE,1168,1311,1957047
2021-11-23,MUJER,1296,1466,1975662
2021-11-24,HOMBRE,1087,1257,1958134
2021-11-24,MUJER,1257,1416,1976919
2021-11-25,HOMBRE,1245,1256,1959379
2021-11-25,MUJER,1422,1423,1978341
2021-11-26,HOMBRE,1110,1226,1960489
2021-11-26,MUJER,1286,1389,1979627
2021-11-27,HOMBRE,1074,1163,1961563
2021-11-27,MUJER,1251,1334,1980878
2021-11-28,HOMBRE,1333,1192,1962896
2021-11-28,MUJER,1528,1375,1982406
2021-11-29,HOMBRE,1325,1191,1964221
2021-11-29,MUJER,1526,1366,1983932
2021-11-30,HOMBRE,1215,1198,1965436
2021-11-30,MUJER,1458,1389,1985390
2021-12-01,HOMBRE,1378,1240,1966814
2021-12-01,MUJER,1535,1429,1986925
2021-12-02,HOMBRE,1128,1223,1967942
2021-12-02,MUJER,1304,1412,1988229
2021-12-03,HOMBRE,1063,1216,1969005
2021-12-03,MUJER,1343,1420,1989572
2021-12-04,HOMBRE,1089,1218,1970094
2021-12-04,MUJER,1252,1420,1990824
2021-12-05,HOMBRE,1147,1192,1971241
2021-12-05,MUJER,1322,1391,1992146
2021-12-06,HOMBRE,1314,1190,1972555
2021-12-06,MUJER,1536,1392,1993682
2021-12-07,HOMBRE,1059,1168,1973614
2021-12-07,MUJER,1322,1373,1995004
2021-12-08,HOMBRE,1031,1118,1974645
2021-12-08,MUJER,1152,1318,1996156
2021-12-09,HOMBRE,907,1087,1975552
2021-12-09,MUJER,1099,1289,1997255
2021-12-10,HOMBRE,1193,1105,1976745
2021-12-10,MUJER,1485,1309,1998740
2021-12-11,HOMBRE,873,1074,1977618
2021-12-11,MUJER,1060,1282,1999800
2021-12-12,HOMBRE,1056,1061,1978674
2021-12-12,MUJER,1274,1275,2001074
2021-12-13,HOMBRE,1314,1061,1979988
2021-12-13,MUJER,1432,1260,2002506
2021-12-14,HOMBRE,1108,1068,1981096
2021-12-14,MUJER,1241,1249,2003747
2021-12-15,HOMBRE,1106,1079,1982202
2021-12-15,MUJER,1282,1267,2005029
2021-12-16,HOMBRE,990,1091,1983192
2021-12-16,MUJER,1167,1277,2006196
2021-12-17,HOMBRE,1146,1084,1984338
2021-12-17,MUJER,1265,1245,2007461
2021-12-18,HOMBRE,1209,1132,1985547
2021-12-18,MUJER,1427,1298,2008888
2021-12-19,HOMBRE,1289,1166,1986836
2021-12-19,MUJER,1498,1330,2010386
2021-12-20,HOMBRE,2023,1267,1988859
2021-12-20,MUJER,2391,1467,2012777
2021-12-21,HOMBRE,1582,1335,1990441
2021-12-21,MUJER,1886,1559,2014663
2021-12-22,HOMBRE,1701,1420,1992142
2021-12-22,MUJER,1989,1660,2016652
2021-12-23,HOMBRE,1930,1554,1994072
2021-12-23,MUJER,2291,1821,2018943
2021-12-24,HOMBRE,2435,1738,1996507
2021-12-24,MUJER,2994,2068,2021937
2021-12-25,HOMBRE,2826,1969,1999333
2021-12-25,MUJER,3654,2386,2025591
2021-12-26,HOMBRE,3892,2341,2003225
2021-12-26,MUJER,5022,2889,2030613
2021-12-27,HOMBRE,5067,2776,2008292
2021-12-27,MUJER,6646,3497,2037259
2021-12-28,HOMBRE,5129,3282,2013421
2021-12-28,MUJER,6537,4161,2043796
2021-12-29,HOMBRE,4529,3686,2017950
2021-12-29,MUJER,5987,4733,2049783
2021-12-30,HOMBRE,4907,4112,2022857
2021-12-30,MUJER,6441,5325,2056224
2021-12-31,HOMBRE,6397,4678,2029254
2021-12-31,MUJER,8818,6157,2065042
2022-01-01,HOMBRE,11468,5912,2040722
2022-01-01,MUJER,15484,7847,2080526
2022-01-02,HOMBRE,11831,7046,2052553
2022-01-02,MUJER,15855,9395,2096381
2022-01-03,HOMBRE,17673,8847,2070226
2022-01-03,MUJER,24234,11908,2120615
2022-01-04,HOMBRE,15894,10385,2086120
2022-01-04,MUJER,20905,13960,2141520
2022-01-05,HOMBRE,17194,12194,2103314
2022-01-05,MUJER,22634,16338,2164154
2022-01-06,HOMBRE,17000,13922,2120314
2022-01-06,MUJER,22321,18607,2186475
2022-01-07,HOMBRE,19889,15849,2140203
2022-01-07,MUJER,26573,21143,2213048
2022-01-08,HOMBRE,20890,17195,2161093
2022-01-08,MUJER,28223,22963,2241271
2022-01-09,HOMBRE,23081,18803,2184174
2022-01-09,MUJER,30836,25103,2272107
2022-01-10,HOMBRE,34773,21245,2218947
2022-01-10,MUJER,44678,28024,2316785
2022-01-11,HOMBRE,26515,22763,2245462
2022-01-11,MUJER,34147,29916,2350932
2022-01-12,HOMBRE,25744,23984,2271206
2022-01-12,MUJER,32575,31336,2383507
2022-01-13,HOMBRE,23672,24937,2294878
2022-01-13,MUJER,30023,32436,2413530
2022-01-14,HOMBRE,24445,25588,2319323
2022-01-14,MUJER,31036,33074,2444566
2022-01-15,HOMBRE,25368,26228,2344691
2022-01-15,MUJER,32188,33640,2476754
2022-01-16,HOMBRE,24208,26389,2368899
2022-01-16,MUJER,30474,33588,2507228
2022-01-17,HOMBRE,30633,25797,2399532
2022-01-17,MUJER,38219,32666,2545447
2022-01-18,HOMBRE,25778,25692,2425310
2022-01-18,MUJER,32034,32364,2577481
2022-01-19,HOMBRE,21626,25104,2446936
2022-01-19,MUJER,26974,31564,2604455
2022-01-20,HOMBRE,21596,24807,2468532
2022-01-20,MUJER,26953,31125,2631408
2022-01-21,HOMBRE,17697,23843,2486229
2022-01-21,MUJER,22530,29910,2653938
2022-01-22,HOMBRE,16623,22594,2502852
2022-01-22,MUJER,21039,28317,2674977
2022-01-23,HOMBRE,16535,21498,2519387
2022-01-23,MUJER,21198,26992,2696175
2022-01-24,HOMBRE,20070,19989,2539457
2022-01-24,MUJER,25015,25106,2721190
2022-01-25,HOMBRE,16415,18651,2555872
2022-01-25,MUJER,20944,23521,2742134
2022-01-26,HOMBRE,13790,17532,2569662
2022-01-26,MUJER,17281,22137,2759415
2022-01-27,HOMBRE,11604,16104,2581266
2022-01-27,MUJER,14671,20382,2774086
2022-01-28,HOMBRE,11126,15166,2592392
2022-01-28,MUJER,14144,19184,2788230
2022-01-29,HOMBRE,9341,14125,2601733
2022-01-29,MUJER,11690,17849,2799920
2022-01-30,HOMBRE,10177,13217,2611910
2022-01-30,MUJER,12767,16644,2812687
2022-01-31,HOMBRE,11234,11955,2623144
2022-01-31,MUJER,14244,15105,2826931
2022-02-01,HOMBRE,10415,11098,2633559
2022-02-01,MUJER,13214,14001,2840145
2022-02-02,HOMBRE,7248,10163,2640807
2022-02-02,MUJER,9006,12819,2849151
2022-02-03,HOMBRE,6059,9371,2646866
2022-02-03,MUJER,7308,11767,2856459
2022-02-04,HOMBRE,5263,8533,2652129
2022-02-04,MUJER,6541,10681,2863000
2022-02-05,HOMBRE,5265,7951,2657394
2022-02-05,MUJER,6722,9971,2869722
2022-02-06,HOMBRE,4808,7184,2662202
2022-02-06,MUJER,6197,9033,2875919
2022-02-07,HOMBRE,5713,6395,2667915
2022-02-07,MUJER,7196,8026,2883115
2022-02-08,HOMBRE,5475,5690,2673390
2022-02-08,MUJER,6891,7123,2890006
2022-02-09,HOMBRE,4599,5311,2677989
2022-02-09,MUJER,5794,6664,2895800
2022-02-10,HOMBRE,4562,5097,2682551
2022-02-10,MUJER,5763,6443,2901563
2022-02-11,HOMBRE,3550,4853,2686101
2022-02-11,MUJER,4689,6178,2906252
2022-02-12,HOMBRE,3513,4602,2689614
2022-02-12,MUJER,4505,5862,2910757
2022-02-13,HOMBRE,3620,4433,2693234
2022-02-13,MUJER,4699,5648,2915456
2022-02-14,HOMBRE,4064,4197,2697298
2022-02-14,MUJER,5102,5349,2920558
2022-02-15,HOMBRE,3534,3920,2700832
2022-02-15,MUJER,4658,5030,2925216
2022-02-16,HOMBRE,2883,3675,2703715
2022-02-16,MUJER,3763,4739,2928979
2022-02-17,HOMBRE,2581,3392,2706296
2022-02-17,MUJER,3212,4375,2932191
2022-02-18,HOMBRE,2446,3234,2708742
2022-02-18,MUJER,3182,4160,2935373
2022-02-19,HOMBRE,2255,3054,2710997
2022-02-19,MUJER,2914,3932,2938287
2022-02-20,HOMBRE,2739,2928,2713736
2022-02-20,MUJER,3297,3732,2941584
2022-02-21,HOMBRE,2517,2707,2716253
2022-02-21,MUJER,3117,3449,2944701
2022-02-22,HOMBRE,1970,2484,2718223
2022-02-22,MUJER,2498,3140,2947199
2022-02-23,HOMBRE,1702,2315,2719925
2022-02-23,MUJER,1967,2883,2949166
2022-02-24,HOMBRE,1321,2135,2721246
2022-02-24,MUJER,1576,2650,2950742
2022-02-25,HOMBRE,1271,1967,2722517
2022-02-25,MUJER,1569,2419,2952311
2022-02-26,HOMBRE,1150,1810,2723667
2022-02-26,MUJER,1404,2204,2953715
2022-02-27,HOMBRE,1165,1585,2724832
2022-02-27,MUJER,1576,1958,2955291
2022-02-28,HOMBRE,1581,1451,2726413
2022-02-28,MUJER,2117,1815,2957408
2022-03-01,HOMBRE,1303,1356,2727716
2022-03-01,MUJER,1654,1694,2959062
2022-03-02,HOMBRE,997,1255,2728713
2022-03-02,MUJER,1226,1588,2960288
2022-03-03,HOMBRE,901,1195,2729614
2022-03-03,MUJER,1076,1517,2961364
2022-03-04,HOMBRE,736,1119,2730350
2022-03-04,MUJER,1025,1439,2962389
2022-03-05,HOMBRE,786,1067,2731136
2022-03-05,MUJER,952,1375,2963341
2022-03-06,HOMBRE,878,1026,2732014
2022-03-06,MUJER,1057,1301,2964398
2022-03-07,HOMBRE,1038,948,2733052
2022-03-07,MUJER,1284,1182,2965682
2022-03-08,HOMBRE,804,877,2733856
2022-03-08,MUJER,1030,1092,2966712
2022-03-09,HOMBRE,710,836,2734566
2022-03-09,MUJER,830,1036,2967542
2022-03-10,HOMBRE,701,807,2735267
2022-03-10,MUJER,895,1010,2968437
2022-03-11,HOMBRE,538,779,2735805
2022-03-11,MUJER,722,967,2969159
2022-03-12,HOMBRE,509,739,2736314
2022-03-12,MUJER,707,932,2969866
2022-03-13,HOMBRE,605,700,2736919
2022-03-13,MUJER,794,894,2970660
2022-03-14,HOMBRE,711,654,2737630
2022-03-14,MUJER,907,840,2971567
2022-03-15,HOMBRE,640,630,2738270
2022-03-15,MUJER,743,799,2972310
2022-03-16,HOMBRE,452,593,2738722
2022-03-16,MUJER,630,771,2972940
2022-03-17,HOMBRE,378,547,2739100
2022-03-17,MUJER,512,716,2973452
2022-03-18,HOMBRE,351,520,2739451
2022-03-18,MUJER,458,678,2973910
2022-03-19,HOMBRE,316,493,2739767
2022-03-19,MUJER,418,637,2974328
2022-03-20,HOMBRE,405,464,2740172
2022-03-20,MUJER,527,599,2974855
2022-03-21,HOMBRE,441,426,2740613
2022-03-21,MUJER,556,549,2975411
2022-03-22,HOMBRE,541,412,2741154
2022-03-22,MUJER,660,537,2976071
2022-03-23,HOMBRE,397,404,2741551
2022-03-23,MUJER,514,520,2976585
2022-03-24,HOMBRE,317,395,2741868
2022-03-24,MUJER,422,507,2977007
2022-03-25,HOMBRE,365,397,2742233
2022-03-25,MUJER,406,500,2977413
2022-03-26,HOMBRE,336,400,2742569
2022-03-26,MUJER,419,500,2977832
2022-03-27,HOMBRE,438,405,2743007
2022-03-27,MUJER,497,496,2978329
2022-03-28,HOMBRE,516,415,2743523
2022-03-28,MUJER,635,507,2978964
2022-03-29,HOMBRE,372,391,2743895
2022-03-29,MUJER,513,486,2979477
2022-03-30,HOMBRE,337,383,2744232
2022-03-30,MUJER,372,466,2979849
2022-03-31,HOMBRE,236,371,2744468
2022-03-31,MUJER,296,448,2980145
2022-04-01,HOMBRE,262,356,2744730
2022-04-01,MUJER,344,439,2980489
2022-04-02,HOMBRE,232,341,2744962
2022-04-02,MUJER,287,420,2980776
2022-04-03,HOMBRE,277,318,2745239
2022-04-03,MUJER,357,400,2981133
2022-04-04,HOMBRE,343,294,2745582
2022-04-04,MUJER,411,368,2981544
2022-04-05,HOMBRE,278,280,2745860
2022-04-05,MUJER,368,347,2981912
2022-04-06,HOMBRE,251,268,2746111
2022-04-06,MUJER,306,338,2982218
2022-04-07,HOMBRE,231,267,2746342
2022-04-07,MUJER,281,336,2982499
2022-04-08,HOMBRE,205,259,2746547
2022-04-08,MUJER,237,321,2982736
2022-04-09,HOMBRE,201,255,2746748
2022-04-09,MUJER,225,312,2982961
2022-04-10,HOMBRE,233,248,2746981
2022-04-10,MUJER,270,299,2983231
2022-04-11,HOMBRE,209,229,2747190
2022-04-11,MUJER,255,277,2983486
2022-04-12,HOMBRE,172,214,2747362
2022-04-12,MUJER,201,253,2983687
2022-04-13,HOMBRE,135,198,2747497
2022-04-13,MUJER,192,237,2983879
2022-04-14,HOMBRE,112,181,2747609
2022-04-14,MUJER,150,218,2984029
2022-04-15,HOMBRE,137,171,2747746
2022-04-15,MUJER,173,209,2984202
2022-04-16,HOMBRE,170,166,2747916
2022-04-16,MUJER,234,210,2984436
2022-04-17,HOMBRE,188,160,2748104
2022-04-17,MUJER,259,209,2984695
2022-04-18,HOMBRE,260,167,2748364
2022-04-18,MUJER,337,220,2985032
2022-04-19,HOMBRE,203,172,2748567
2022-04-19,MUJER,265,230,2985297
2022-04-20,HOMBRE,172,177,2748739
2022-04-20,MUJER,200,231,2985497
2022-04-21,HOMBRE,125,179,2748864
2022-04-21,MUJER,175,234,2985672
2022-04-22,HOMBRE,95,173,2748959
2022-04-22,MUJER,111,225,2985783
2022-04-23,HOMBRE,75,159,2749034
2022-04-23,MUJER,92,205,2985875
2022-04-24,HOMBRE,71,143,2749105
2022-04-24,MUJER,93,181,2985968
2022-04-25,HOMBRE,20,108,2749125
2022-04-25,MUJER,22,136,2985990
